Pair Name,CAGR,Sharpe Ratio,Number of Trades,Max Drawdown
CMS_CEG,0.24345429275690988,3.5661010786061262,7,0.0
CNP_AEE,0.06990778862925562,2.8510904596117075,5,-5.027580010619203e-07
